"agency_cd","site_no","station_nm","site_tp_cd","lat_va","long_va","dec_lat_va","dec_long_va","coord_meth_cd","coord_acy_cd","coord_datum_cd","dec_coord_datum_cd","district_cd","state_cd","county_cd","country_cd","land_net_ds","map_nm","map_scale_fc","alt_va","alt_meth_cd","alt_acy_va","alt_datum_cd","huc_cd","basin_cd","topo_cd","instruments_cd","construction_dt","inventory_dt","drain_area_va","contrib_drain_area_va","tz_cd","local_time_fg","reliability_cd","gw_file_cd","nat_aqfr_cd","aqfr_cd","aqfr_type_cd","well_depth_va","hole_depth_va","depth_src_cd","project_no"
"USGS","01302500","GLEN COVE CREEK AT GLEN COVE NY","ST",405148,733803,40.8633333,-73.6341667,"M","S","NAD83","NAD83","36","36","059","US",NA,"SEA CLIFF, NY","  24000",15.68,"L",0.01,"NGVD29","02030201",NA,NA,"NNNNNNNNNNNNNNNNNNNNNNNNNNNNNN",NA,NA,14.4,NA,"EST","N","M","NNNNNNNN",NA,NA,NA,NA,NA,NA,NA
"USGS","01303000","MILL NECK CREEK AT MILL NECK NY","ST",405314.7,733347.5,40.88741667,-73.5631944,"N","1","NAD83","NAD83","36","36","059","US",NA,"BAYVILLE, NY","  24000",6.49,"L",0.01,"NGVD29","02030201",NA,NA,"YNNNYNNNNNNNNNNNNNNNNNNNNNNNNN",NA,NA,8.58,NA,"EST","N","M","NNNNNNNN",NA,NA,NA,NA,NA,NA,NA
"USGS","01304000","NISSEQUOGUE RIVER NEAR SMITHTOWN NY","ST",405059.7,731327.2,40.84991667,-73.2242222,"N","1","NAD83","NAD83","36","36","103","US",NA,"CENTRAL ISLIP, NY","  24000",9.59,"L",0.01,"NGVD29","02030201",NA,NA,"YNNNYNNNNNNNNNNNNNNNNNNNNNNNNN",NA,NA,27,NA,"EST","N","M","NNNNNNNN",NA,NA,NA,NA,NA,NA,"RBUSCIOLANO"
"USGS","01304500","PECONIC RIVER AT RIVERHEAD NY","ST",405449.3,724113,40.91369444,-72.6869444,"N","1","NAD83","NAD83","36","36","103","US",NA,"RIVERHEAD, NY","  24000",6.54,"L",0.01,"NGVD29","02030202",NA,NA,"YNNNYNNNNNYNNNNNNNNNNNNNNNNNNN",NA,NA,74.7,NA,"EST","N","M","NNNNNNNN",NA,NA,NA,NA,NA,NA,NA
"USGS","01305000","CARMANS RIVER AT YAPHANK NY","ST",404948.6,725422.1,40.83016667,-72.90613889,"N","1","NAD83","NAD83","36","36","103","US",NA,"BELLPORT, NY","  24000",17.95,"L",0.01,"NGVD29","02030202",NA,NA,"YNYNNNNNNNNNNNNNYNNNNNNNNNNNNN",NA,NA,73.1,NA,"EST","N","M","NNNNNNNN",NA,NA,NA,NA,NA,NA,NA
"USGS","01305500","SWAN RIVER AT EAST PATCHOGUE NY","ST",404602.1,725937.8,40.76725,-72.9938333,"N","1","NAD83","NAD83","36","36","103","US",NA,"BELLPORT, NY","  24000",2.84,"L",0.01,"NGVD29","02030202",NA,NA,"YNNNYNNNNNNNNNNNNNNNNNNNNNNNNN",NA,NA,8.07,NA,"EST","N","M","NNNNNNNN",NA,NA,NA,NA,NA,NA,NA
"USGS","01306000","PATCHOGUE RIVER AT PATCHOGUE NY","ST",404556,730114,40.76555556,-73.0205556,"M","S","NAD83","NAD83","36","36","103","US",NA,"PATCHOGUE, NY","  24000",0.5,"L",0.01,"NGVD29","02030202",NA,NA,"NNNNNNNNNNNNNNNNNNNNNNNNNNNNNN",NA,NA,13.4,NA,"EST","N","M","NNNNNNNN",NA,NA,NA,NA,NA,NA,NA
"USGS","01306499","CONNETQUOT RIVER NEAR NORTH GREAT RIVER NY","ST",404451,730903,40.74759826,-73.1503912,"M","S","NAD27","NAD83","36","36","103","US",NA,"BAY SHORE EAST, NY","  24000",NA,NA,NA,NA,"02030202",NA,NA,"NNNNNNNNNNNNNNNNNNNNNNNNNNNNNN",NA,NA,NA,NA,"EST","N","M","NNNNNNNN",NA,NA,NA,NA,NA,NA,NA
"USGS","01307000","CHAMPLIN CREEK AT ISLIP NY","ST",404413,731206,40.73694444,-73.2016667,"M","S","NAD83","NAD83","36","36","103","US",NA,"BAY SHORE EAST, NY","  24000",10.85,"L",0.01,"NGVD29","02030202",NA,NA,"NNNNNNNNNNNNNNNNNNNNNNNNNNNNNN",NA,NA,5.18,NA,"EST","N","M","NNNNNNNN",NA,NA,NA,NA,NA,NA,NA
"USGS","01307500","PENATAQUIT CREEK AT BAY SHORE NY","ST",404337,731439,40.72694444,-73.2441667,"M","S","NAD83","NAD83","36","36","103","US",NA,"BAY SHORE EAST, NY","  24000",6.64,"L",0.01,"NGVD29","02030202",NA,NA,"NNNNNNNNNNNNNNNNNNNNNNNNNNNNNN",NA,NA,5.25,NA,"EST","N","M","NNNNNNNN",NA,NA,NA,NA,NA,NA,NA
"USGS","01308000","SAMPAWAMS CREEK AT BABYLON NY","ST",404215.7,731849.1,40.7043611,-73.31363889,"N","1","NAD83","NAD83","36","36","103","US",NA,"BAY SHORE WEST, NY","  24000",6.36,"L",0.01,"NGVD29","02030202",NA,NA,"YNNNYNNNNNNNNNNNNNNNNNNNNNNNNN",NA,NA,22.7,NA,"EST","N","M","NNNNNNNN",NA,NA,NA,NA,NA,NA,NA
"USGS","01308500","CARLLS RIVER AT BABYLON NY","ST",404232.3,731943.7,40.7089722,-73.3288056,"N","1","NAD83","NAD83","36","36","103","US",NA,"BAY SHORE WEST, NY","  24000",10.63,"L",0.01,"NGVD29","02030202",NA,NA,"NNNNNNNNNNNNNNNNNNNNNNNNNNNNNN",NA,NA,35.4,NA,"EST","N","M","NNNNNNNN",NA,NA,NA,NA,NA,NA,NA
"USGS","01309000","SANTAPOGUE CREEK AT LINDENHURST NY","ST",404130,732118,40.69166667,-73.355,"M","S","NAD83","NAD83","36","36","103","US",NA,"BAY SHORE WEST, NY","  24000",9.71,"L",0.01,"NGVD29","02030202",NA,NA,"NNNNNNNNNNNNNNNNNNNNNNNNNNNNNN",NA,NA,3.89,NA,"EST","N","M","NNNNNNNN",NA,NA,NA,NA,NA,NA,NA
"USGS","01309500","MASSAPEQUA CREEK AT MASSAPEQUA NY","ST",404120.4,732719.4,40.689,-73.45538889,"N","1","NAD83","NAD83","36","36","059","US",NA,"AMITYVILLE, NY","  24000",18.31,"L",0.01,"NGVD29","02030202",NA,NA,"YNNNYNNNNNNNNNNNNNNNNNNNNNNNNN",NA,NA,38.6,NA,"EST","N","M","NNNNNNNN",NA,NA,NA,NA,NA,NA,NA
"USGS","01309950","BELLMORE CREEK NEAR BELLMORE NY","ST",404043.2,733057.1,40.67866667,-73.5158611,"N","1","NAD83","NAD83","36","36","059","US",NA,"FREEPORT, NY","  24000",NA,NA,NA,NA,"02030202",NA,NA,"YNNNYNNNNYNNNNNNNNNNNNNNNNNNNN",NA,NA,NA,NA,"EST","N","M","NNNNNNNN",NA,NA,NA,NA,NA,NA,NA
"USGS","01310500","EAST MEADOW BROOK AT FREEPORT NY","ST",403956.3,733412.3,40.66563889,-73.5700833,"N","1","NAD83","NAD83","36","36","059","US",NA,"FREEPORT, NY","  24000",10.45,"L",0.01,"NGVD29","02030202",NA,NA,"YNNNYNNNNNNNNNNNNNNNNNNNNNNNNN",NA,NA,28.7,NA,"EST","N","M","NNNNNNNN",NA,NA,NA,NA,NA,NA,NA
"USGS","01311000","PINES BROOK AT MALVERNE NY","ST",403959,733933,40.66638889,-73.6591667,"M","S","NAD83","NAD83","36","36","059","US",NA,"LYNBROOK, NY","  24000",7.11,"L",0.01,"NGVD29","02030202",NA,NA,"NNNNNNNNNNNNNNNNNNNNNNNNNNNNNN",NA,NA,10.1,NA,"EST","N","M","NNNNNNNN",NA,NA,NA,NA,NA,NA,NA
"USGS","0131199050","FISHING BROOK (COUNTY LINE FLOW OUTLET) NR NEWCOMB","ST",435838.6,741613.5,43.97738889,-74.2704167,"N","1","NAD83","NAD83","36","36","041","US",NA,"DUN BROOK MOUNTAIN,","  24000",NA,NA,NA,NA,"02020001",NA,NA,"NNNNNNNNNNNNNNNNNNNNNNNNNNNNNN",NA,NA,25.2,NA,"EST","N",NA," Y",NA,NA,NA,NA,NA,NA,"GAZETTEER"
"USGS","01312000","HUDSON RIVER NEAR NEWCOMB NY","ST",435757.7,740753,43.96602778,-74.13138889,"N","1","NAD83","NAD83","36","36","031","US",NA,"NEWCOMB, NY","  24000",1550.04,"X",0.01,"NAVD88","02020001",NA,NA,"YNNNYNNNNNNNNNNNNNNNNNNNNNNNNN",NA,NA,192,NA,"EST","N",NA,"NNNNNNNN",NA,NA,NA,NA,NA,NA,NA
"USGS","01319000","EAST BRANCH SACANDAGA RIVER AT GRIFFIN NY","ST",432825,741323,43.4736111,-74.2230556,"M","S","NAD83","NAD83","36","36","041","US",NA,"GRIFFIN, NY","  24000",1254.32,"L",0.01,"NGVD29","02020002",NA,NA,"NNNNNNNNNNNNNNNNNNNNNNNNNNNNNN",NA,NA,114,NA,"EST","N",NA,"NNNNNNNN",NA,NA,NA,NA,NA,NA,NA
"USGS","01334500","HOOSIC RIVER NEAR EAGLE BRIDGE NY","ST",425618.9,732237,42.9385833,-73.3769444,"N","1","NAD83","NAD83","36","36","083","US",NA,"EAGLE BRIDGE, NY","  24000",354.79,"X",0.01,"NAVD88","02020003",NA,NA,"YNNNYNNNNNNNNNNNNNNNNNNNNNNNNN",NA,NA,510,510,"EST","N",NA,"NNNNNNNN",NA,NA,NA,NA,NA,NA,NA
"USGS","01342602","MOHAWK RIVER NEAR UTICA NY","ST",430537.3,750928.5,43.09369444,-75.1579167,"N","1","NAD83","NAD83","36","36","043","US",NA,"UTICA EAST, NY","  24000",386.02,"X",0.01,"NAVD88","02020004",NA,NA,"YNNNYNNNNNNNNNNNNNNNNNNNNNNNNN",NA,19880501,553,NA,"EST","N",NA,"NNNNNNNN",NA,NA,NA,NA,NA,NA,NA
"USGS","01349150","CANAJOHARIE CREEK NEAR CANAJOHARIE NY","ST",425234.6,743610.3,42.87627778,-74.6028611,"M","1","NAD83","NAD83","36","36","057","US",NA,"CANAJOHARIE, NY","  24000",635.23,"X",0.01,"NAVD88","02020004",NA,NA,"YNNNYNNNNNNNNNNNNNNNNNNNNNNNNN",NA,19920622,59.7,NA,"EST","N",NA,"NNNNNNNN",NA,NA,NA,NA,NA,NA,"NAWQA"
"USGS","01349711","WEST KILL BELOW HUNTER BROOK NEAR SPRUCETON NY","ST",421106.2,741637.6,42.18505556,-74.2771111,"N","1","NAD83","NAD83","36","36","039","US",NA,"LEXINGTON, NY","  24000",2038.89,"X",0.01,"NAVD88","02020005",NA,NA,"YNNNYNNNNNNNNNNNNNNNNNNNNNNNNN",NA,NA,4.97,NA,"EST","N",NA,"NNNNNNNN",NA,NA,NA,NA,NA,NA,NA
"USGS","01349840","BATAVIA KILL NEAR MAPLECREST NY","ST",421722.7,740658.6,42.28963889,-74.11627778,"N","1","NAD83","NAD83","36","36","039","US",NA,"FREEHOLD, NY","  24000",NA,NA,NA,NA,"02020005",NA,NA,"NNNNNNNNNNNNNNNNNNNNNNNNNNNNNN",NA,NA,2.03,NA,"EST","N",NA,"NNNNNNNN",NA,NA,NA,NA,NA,NA,NA
"USGS","01349950","BATAVIA KILL AT RED FALLS NEAR PRATTSVILLE NY","ST",421830,742324,42.3083333,-74.39,"M","S","NAD83","NAD83","36","36","039","US",NA,"PRATTSVILLE, NY","  24000",1268.54,"X",0.01,"NAVD88","02020005",NA,NA,"NNYNYNNNNNNNNNNNNNNNNNNNNNNNNN",NA,NA,68.6,NA,"EST","N",NA,"NNNNNNNN",NA,NA,NA,NA,NA,NA,NA
"USGS","01351500","SCHOHARIE CREEK AT BURTONSVILLE NY","ST",424800.1,741546,42.80002778,-74.26277778,"N","1","NAD83","NAD83","36","36","093","US",NA,"ESPERANCE, NY","  24000",507.44,"X",0.01,"NAVD88","02020005",NA,NA,"YNNNYNNNNNNNNNNNNNNNNNNNNNNNNN",NA,NA,886,NA,"EST","N",NA,"NNNNNNNN",NA,NA,NA,NA,NA,NA,NA
"USGS","01356190","LISHA KILL NORTHWEST OF NISKAYUNA NY","ST",424701,735124,42.7836111,-73.8566667,"M","S","NAD83","NAD83","36","36","093","US",NA,"NISKAYUNA, NY","  24000",238.78,"D",0.01,"NGVD29","02020004",NA,NA,"YNNNNNNNNNNNNNNNNNNNNNNNNNNNNN",NA,19930405,16.2,NA,"EST","N",NA,"NNNNNNNN",NA,NA,NA,NA,NA,NA,"NAWQA"
"USGS","01357500","MOHAWK RIVER AT COHOES NY","ST",424707.4,734228,42.78538889,-73.70777778,"N","1","NAD83","NAD83","36","36","001","US",NA,"TROY NORTH, NY","  24000",48.47,"L",0.01,"NAVD88","02020004",NA,NA,"YNNNYNNNNNNNNNNNNNNNNNNNNNNNNN",NA,NA,3450,NA,"EST","N",NA,"NNNNNNNN",NA,NA,NA,NA,NA,NA,NA
"USGS","01358000","HUDSON RIVER AT GREEN ISLAND NY","ST",424508,734120,42.7522222,-73.68888889,"M","S","NAD83","NAD83","36","36","001","US",NA,"TROY NORTH, NY","  24000",-0.92,"L",0.01,"NAVD88","02020003",NA,NA,"YNNNYNNNNNNNNNNNNNNNNNNNNNNNNN",NA,NA,8090,NA,"EST","N",NA,"NNNNNNNN",NA,NA,NA,NA,NA,NA,NA
"USGS","01361200","CLAVERACK CREEK AT CLAVERACK NY","ST",421258.5,734349,42.21625,-73.73027778,"N","1","NAD83","NAD83","36","36","021","US",NA,"CLAVERACK, NY","  24000",139.77,"L",0.01,"NGVD29","02020006",NA,NA,"NNNNNNNNNNNNNNNNNNNNNNNNNNNNNN",NA,NA,60.6,NA,"EST","N",NA,"NNNNNNNN",NA,NA,NA,NA,NA,NA,NA
"USGS","013621955","BIRCH CREEK AT BIG INDIAN NY","ST",420632,742707,42.10888889,-74.4519444,"M","S","NAD83","NAD83","36","36","111","US",NA,"SHANDAKEN, NY","  24000",1227.42,"X",0.01,"NAVD88","02020006",NA,NA,"NNYNYNYNNYNNNNNNNNNNNNNNNNNNNN",NA,NA,12.5,NA,"EST","N",NA,"NNNNNNNN",NA,NA,NA,NA,NA,NA,NA
"USGS","01362198","ESOPUS CREEK AT SHANDAKEN NY","ST",420659,742320,42.11647855,-74.38848279,"M","S","NAD27","NAD83","36","36","111","US",NA,"SHANDAKEN, NY","  24000",1017.27,"L",0.01,"NGVD29","02020006",NA,NA,"YNNNNNNNNNNNNNNNNNNNNNNNNNNNNN",NA,NA,59.5,59.5,"EST","N",NA,"NNNNNNNN",NA,NA,NA,NA,NA,NA,NA
"USGS","01362200","ESOPUS CREEK AT ALLABEN NY","ST",420701,742249,42.11694444,-74.38027778,"M","S","NAD83","NAD83","36","36","111","US",NA,"SHANDAKEN, NY","  24000",996.98,"X",0.01,"NAVD88","02020006",NA,"C","YYNNYNNNNNYNNNNNNNNNNNNNNNNNNN",NA,NA,63.7,NA,"EST","N",NA,"NNNNNNNN",NA,NA,NA,NA,NA,NA,NA
"USGS","0136230002","WOODLAND CREEK ABOVE MOUTH AT PHOENICIA NY","ST",420447,742004.5,42.0797222,-74.3345833,"N","1","NAD83","NAD83","36","36","111","US",NA,"PHOENICIA, NY","  24000",870.52,"X",0.01,"NAVD88","02020006",NA,NA,"YNYNYNNNNNNNNNNNNNNNNNNNNNNNNN",NA,NA,20.6,NA,"EST","N",NA,NA,NA,NA,NA,NA,NA,NA,NA
"USGS","01362342","HOLLOW TREE BROOK AT LANESVILLE NY","ST",420832,741554,42.1422222,-74.265,"M","S","NAD83","NAD83","36","36","039","US",NA,"LEXINGTON, NY","  24000",1476.46,"X",0.1,"NAVD88","02020006",NA,NA,"YNYNYNNNNNNNNNNNNNNNNNNNNNNNNN",NA,NA,1.95,NA,"EST","N",NA,"NNNNNNNN",NA,NA,NA,NA,NA,NA,NA
"USGS","01362370","STONY CLOVE CREEK BLW OX CLOVE AT CHICHESTER NY","ST",420607.3,741839.2,42.10202778,-74.31088889,"N","1","NAD83","NAD83","36","36","111","US",NA,"PHOENICIA, NY","  24000",947.52,"X",0.01,"NAVD88","02020006",NA,NA,"YNNNYNNNNNNNNNNNNNNNNNNNNNNNNN",NA,NA,30.9,NA,"EST","N",NA,NA,NA,NA,NA,NA,NA,NA,NA
"USGS","01362380","STONY CLOVE CREEK NEAR PHOENICIA NY","ST",420553,741903,42.09814568,-74.31709199,"M","S","NAD27","NAD83","36","36","111","US",NA,"PHOENICIA, NY","  24000",892.69,"D",0.01,"NGVD29","02020006",NA,NA,"NNNNNNNNNYNNNNNNNNNNNNNNNNNNNN",NA,NA,31.5,NA,"EST","N",NA,"NNNNNNNN",NA,NA,NA,NA,NA,NA,NA
"USGS","01362465","BEAVER KILL TRIBUTARY ABOVE LAKE HILL NY","ST",420459,741059,42.08305556,-74.1830556,"M","S","NAD83","NAD83","36","36","111","US",NA,"BEARSVILLE, NY","  24000",NA,NA,NA,NA,"02020006",NA,NA,"NNNNNNNNNNNNNNNNNNNNNNNNNNNNNN",NA,20000601,1.02,NA,"EST","N",NA,"NNNNNNNN",NA,NA,NA,NA,NA,NA,NA
"USGS","01362487","BEAVER KILL AT MOUNT TREMPER NY","ST",420248,741638,42.046758,-74.2768136,"M","S","NAD27","NAD83","36","36","111","US",NA,"PHOENICIA, NY","  24000",700,"M",10,"NAVD88","02020006",NA,NA,"YNNNYNNNNNNNNNNNNNNNNNNNNNNNNN",NA,NA,25,NA,"EST","N",NA,"NNNNNNNN",NA,NA,NA,NA,NA,NA,NA
"USGS","01362497","LITTLE BEAVER KILL AT BEECHFORD NEAR MT TREMPER NY","ST",420110,741559,42.01944444,-74.26638889,"M","S","NAD83","NAD83","36","36","111","US",NA,"PHOENICIA, NY","  24000",658.36,"L",0.01,"NAVD88","02020006",NA,NA,"YNNNYNNNNNNNNNNNNNNNNNNNNNNNNN",NA,NA,16.5,NA,"EST","N",NA,"NNNNNNNN",NA,NA,NA,NA,NA,NA,NA
"USGS","01362500","ESOPUS CREEK AT COLDBROOK NY","ST",420052.1,741612.7,42.0144722,-74.2701944,"N","1","NAD83","NAD83","36","36","111","US",NA,"PHOENICIA, NY","  24000",621.54,"L",0.01,"NGVD29","02020006",NA,NA,"YNNNYNNNNNNNNNNNNNNNNNNNNNNNNN",NA,NA,192,NA,"EST","N",NA,"NNNNNNNN",NA,NA,NA,NA,NA,NA,NA
"USGS","01371500","WALLKILL RIVER AT GARDINER NY","ST",414110.1,740955,41.68613889,-74.16527778,"N","1","NAD83","NAD83","36","36","111","US",NA,"GARDINER, NY","  24000",183.7,"X",0.01,"NAVD88","02020007",NA,NA,"YNYNYNNNNNNNNNNNNNNNNNNNNNNNNN",NA,NA,695,695,"EST","N",NA,"NNNNNNNN",NA,NA,NA,NA,NA,NA,NA
"USGS","01372051","FALL KILL AT POUGHKEEPSIE NY","ST",414236,735534,41.71,-73.9261111,"M","S","NAD83","NAD83","36","36","027","US",NA,"POUGHKEEPSIE, NY","  24000",148,"M",1,"NAVD88","02020008",NA,NA,"NNNNNNNNNNNNNNNNNNNNNNNNNNNNNN",NA,NA,18.8,NA,"EST","N",NA,"NNNNNNNN",NA,NA,NA,NA,NA,NA,"NAWQA"
"USGS","01372500","WAPPINGER CREEK NEAR WAPPINGERS FALLS NY","ST",413911,735221,41.65305556,-73.8725,"M","S","NAD83","NAD83","36","36","027","US",NA,"PLEASANT VALLEY, NY","  24000",114.37,"R",0.01,"NGVD29","02020008",NA,NA,"YNNNYNNNNNNNNNNNNNNNNNNNNNNNNN",NA,NA,181,181,"EST","N",NA,"NNNNNNNN",NA,NA,NA,NA,NA,NA,NA
"USGS","01376500","SAW MILL RIVER AT YONKERS NY","ST",405611,735310,40.93638889,-73.8861111,"M","S","NAD83","NAD83","36","36","119","US",NA,"YONKERS, NY","  24000",87.32,"X",0.01,"NAVD88","02030101",NA,NA,"NNNNNNNNNNNNNNNNNNNNNNNNNNNNNN",NA,NA,25.6,NA,"EST","N",NA,"NNNNNNNN",NA,NA,NA,NA,NA,NA,NA
"USGS","01413088","EAST BRANCH DELAWARE RIVER AT ROXBURY NY","ST",421737.7,743333.1,42.29380556,-74.5591944,"N","1","NAD83","NAD83","36","36","025","US",NA,"ROXBURY, NY","  24000",1478.33,"X",0.01,"NAVD88","02040102",NA,"C","YNYNYNYNNYNNNNNNNNNNNNNNNNNNNN",NA,20000509,13.5,NA,"EST","N",NA,"NNNNNNNN",NA,NA,NA,NA,NA,NA,NA
"USGS","01415460","TERRY CLOVE KILL NEAR DE LANCEY NY","ST",420849.6,745418.8,42.1471111,-74.9052222,"G","1","NAD83","NAD83","36","36","025","US",NA,"HAMDEN, NY","  24000",1419.53,"X",0.08,"NAVD88","02040102",NA,NA,"YNNNYNNNNNNNNNNNNNNNNNNNNNNNNN",NA,NA,7.91,NA,"EST","N",NA,NA,NA,NA,NA,NA,NA,NA,NA
"USGS","01420500","BEAVER KILL AT COOKS FALLS NY","ST",415647.1,745846.8,41.94641667,-74.9796667,"N","1","NAD83","NAD83","36","36","025","US",NA,"ROSCOE, NY","  24000",1153.66,"X",0.12,"NAVD88","02040102",NA,NA,"YNNNYNNNNNNNNNNNNNNNNNNNNNNNNN",NA,NA,241,NA,"EST","N",NA,"NNNNNNNN",NA,NA,NA,NA,NA,NA,NA
"USGS","01421000","EAST BRANCH DELAWARE RIVER AT FISHS EDDY NY","ST",415823.8,751029,41.97327778,-75.1747222,"N","1","NAD83","NAD83","36","36","025","US",NA,"FISHS EDDY, NY","  24000",955.47,"X",0.01,"NAVD88","02040102",NA,NA,"YNNNYNNNNNNNNNNNNNNNNNNNNNNNNN",NA,NA,784,NA,"EST","N",NA,"NNNNNNNN",NA,NA,NA,NA,NA,NA,NA
"USGS","01421614","TOWN BROOK TRIBUTARY SOUTHEAST OF HOBART NY","ST",422058,743640,42.34944444,-74.6111111,"M","S","NAD83","NAD83","36","36","025","US",NA,"ROXBURY, NY","  24000",NA,NA,NA,NA,"02040101",NA,NA,"NNNNNNNNNNNNNNNNNNNNNNNNNNNNNN",NA,NA,0.76,NA,"EST","N",NA,"NNNNNNNN",NA,NA,NA,NA,NA,NA,NA
"USGS","01421618","TOWN BROOK SOUTHEAST OF HOBART NY","ST",422140,743944,42.3611111,-74.6622222,"M","S","NAD83","NAD83","36","36","025","US",NA,"HOBART, NY","  24000",1658.43,"X",0.01,"NAVD88","02040101",NA,NA,"YNYNYNNNNNNNNNNNNNNNNNNNNNNNNN",NA,NA,14.3,NA,"EST","N",NA,"NNNNNNNN",NA,NA,NA,NA,NA,NA,NA
"USGS","01422738","WOLF CREEK AT MUNDALE NY","ST",421534,750231,42.25944444,-75.0419444,"M","S","NAD83","NAD83","36","36","025","US",NA,"TREADWELL, NY","  24000",NA,NA,NA,NA,"02040101",NA,NA,"NNNNNNNNNNNNNNNNNNNNNNNNNNNNNN",NA,NA,0.61,NA,"EST","N",NA,"NNNNNNNN",NA,NA,NA,NA,NA,NA,NA
"USGS","01422747","EAST BROOK EAST OF WALTON NY","ST",421021.6,750718.9,42.17266667,-75.1219167,"N","1","NAD83","NAD83","36","36","025","US",NA,"WALTON EAST, NY","  24000",1219.09,"L",0.02,"NAVD88","02040101",NA,NA,"YNNNYNNNNNNNNNNNNNNNNNNNNNNNNN",NA,NA,24.7,NA,"EST","N",NA,"NNNNNNNN",NA,NA,NA,NA,NA,NA,NA
"USGS","01426500","WEST BRANCH DELAWARE RIVER AT HALE EDDY NY","ST",420010.9,752300.7,42.00302778,-75.38352778,"N","1","NAD83","NAD83","36","36","025","US",NA,"DEPOSIT, NY","  24000",945.98,"L",0.01,"NAVD88","02040101",NA,NA,"YNNNYNNNNNNNNNNNNNNNNNNNNNNNNN",NA,NA,595,NA,"EST","N",NA,"NNNNNNNN",NA,NA,NA,NA,NA,NA,NA
"USGS","0143400680","E BR NEVERSINK R NORTHEAST OF DENNING NY","ST",415801,742653,41.96694444,-74.4480556,"M","S","NAD83","NAD83","36","36","111","US",NA,"PEEKAMOOSE MOUNTAIN,","  24000",2140.7,"X",0.01,"NAVD88","02040104",NA,"C","YNNNYNYNNNNNNNNNNNNNNNNNNNNNNN",NA,NA,8.93,NA,"EST","N",NA,"NNNNNNNN",NA,NA,NA,NA,NA,NA,NA
"USGS","01434021","W BR NEVERSINK R AT WINNISOOK L NR FROST VALLEY NY","ST",420040,742452,42.0111111,-74.4144444,"M","S","NAD83","NAD83","36","36","111","US",NA,"SHANDAKEN, NY","  24000",2675,"Z",0.01,"NAVD88","02040104",NA,"V","YNNNYNNNNNNNNNNNNNNNNNNNNNNNNN",NA,NA,0.83,NA,"EST","N",NA,"NNNNNNNN",NA,NA,NA,NA,NA,NA,NA
"USGS","01434025","BISCUIT BK ABOVE PIGEON BK AT FROST VALLEY NY","ST",415945.9,743000.8,41.9960833,-74.5002222,"G","1","NAD83","NAD83","36","36","111","US",NA,"CLARYVILLE, NY","  24000",2057.25,"X",0.09,"NAVD88","02040104",NA,NA,"YNNNYNNNNNNNNNNNNNNNNNNNNNNNNN",NA,NA,3.72,NA,"EST","N",NA,"NNNNNNNN",NA,NA,NA,NA,NA,NA,NA
"USGS","01435000","NEVERSINK RIVER NEAR CLARYVILLE NY","ST",415323.8,743523.3,41.88994444,-74.5898056,"N","1","NAD83","NAD83","36","36","105","US",NA,"CLARYVILLE, NY","  24000",1521.67,"Z",0.01,"NAVD88","02040104",NA,NA,"YNYNYNNNNNNNNNNNNNNNNNNNNNNNNN",NA,NA,66.6,NA,"EST","N",NA,"NNNNNNNN",NA,NA,NA,NA,NA,NA,NA
"USGS","01437500","NEVERSINK RIVER AT GODEFFROY NY","ST",412628.9,743606.8,41.4413611,-74.60188889,"N","1","NAD83","NAD83","36","36","071","US",NA,"OTISVILLE, NY","  24000",458.86,"X",0.01,"NAVD88","02040104",NA,NA,"YNNNYNNNNNNNNNNNNNNNNNNNNNNNNN",NA,NA,307,NA,"EST","N",NA,"NNNNNNNN",NA,NA,NA,NA,NA,NA,NA
"USGS","01500500","SUSQUEHANNA RIVER AT UNADILLA NY","ST",421917.4,751859,42.3215,-75.31638889,"N","1","NAD83","NAD83","36","36","077","US",NA,"UNADILLA, NY","  24000",995.71,"X",0.13,"NAVD88","02050101",NA,NA,"YNNNYNNNNNNNNNNNNNNNNNNNNNNNNN",NA,NA,982,982,"EST","N",NA,"NNNNNNNN",NA,NA,NA,NA,NA,NA,NA
"USGS","01528000","FIVEMILE CREEK NEAR KANONA NY","ST",422318,772128,42.3883333,-77.35777778,"M","S","NAD83","NAD83","36","36","101","US",NA,"RHEIMS, NY","  24000",1170.3,"L",0.01,"NGVD29","02050105",NA,NA,"NNNNNNNNNNNNNNNNNNNNNNNNNNNNNN",NA,NA,66.8,66.8,"EST","N",NA,"NNNNNNNN",NA,NA,NA,NA,NA,NA,NA
"USGS","03011020","ALLEGHENY RIVER AT SALAMANCA NY","ST",420924.6,784256,42.1568333,-78.7155556,"N","1","NAD83","NAD83","36","36","009","US",NA,"SALAMANCA, NY","  24000",1357.49,"L",0.01,"NAVD88","05010001",NA,NA,"YNNNYNNNNNNNNNNNNNNNNNNNNNNNNN",NA,NA,1608,1608,"EST","N",NA,"NNNNNNNN",NA,NA,NA,NA,NA,NA,NA
"USGS","03013000","CONEWANGO CREEK AT WATERBORO NY","ST",421015,790409,42.1708333,-79.0691667,"M","S","NAD83","NAD83","36","36","013","US",NA,"KENNEDY, NY","  24000",1255.3,"L",0.01,"NGVD29","05010002",NA,NA,"NNNNNNNNNNNNNNNNNNNNNNNNNNNNNN",NA,NA,290,290,"EST","N",NA,"NNNNNNNN",NA,NA,NA,NA,NA,NA,NA
"USGS","04213319","CHAUTAUQUA CREEK BELOW WESTFIELD NY","ST",421950.9,793523.7,42.33080556,-79.5899167,"D","1","NAD83","NAD83","36","36","013","US",NA,"WESTFIELD, NY","  24000",613.62,"X",0.22,"NAVD88","04120101",NA,NA,"YNNNYNNNNNNNNNNNNNNNNNNNNNNNNN",NA,NA,35,NA,"EST","N",NA,"NNNNNNNN",NA,NA,NA,NA,NA,NA,NA
"USGS","04213376","CANADAWAY CREEK AT FREDONIA NY","ST",422702.3,792101.6,42.45063889,-79.3504444,"N","1","NAD83","NAD83","36","36","013","US",NA,"DUNKIRK, NY","  24000",637.01,"X",0.01,"NAVD88","04120101",NA,NA,"YNNNYNNNNNNNNNNNNNNNNNNNNNNNNN",NA,NA,32.9,NA,"EST","N",NA,"NNNNNNNN",NA,NA,NA,NA,NA,NA,NA
"USGS","04213401","WALNUT CREEK AT US ROUTE 20 AT SILVER CREEK NY","ST",423218.1,791008.3,42.5383611,-79.1689722,"N","S","NAD83","NAD83","36","36","013","US",NA,"SILVER CREEK, NY","  24000",587.55,"X",0.08,"NAVD88","04120101",NA,NA,"YNNNYNNNNNNNNNNNNNNNNNNNNNNNNN",NA,NA,25.6,NA,"EST","N",NA,"NNNNNNNN",NA,NA,NA,NA,NA,NA,NA
"USGS","04213500","CATTARAUGUS CREEK AT GOWANDA NY","ST",422748.4,785604.3,42.46344444,-78.9345278,"N","1","NAD83","NAD83","36","36","029","US",NA,"GOWANDA, NY","  24000",738.36,"L",0.01,"NAVD88","04120102",NA,NA,"YNNNYNNNNNNNNNNNNNNNNNNNNNNNNN",NA,NA,436,436,"EST","N",NA,"NNNNNNNN",NA,NA,NA,NA,NA,NA,NA
"USGS","04214231","S BR EIGHTEENMILE CR AT BLEY RD AT EDEN VALLEY","ST",424049,785243.3,42.68027778,-78.8786944,"N","1","NAD83","NAD83","36","36","029","US",NA,"EDEN, NY","  24000",734.14,"X",0.01,"NAVD88","04120103",NA,NA,"YNNNYNNNNNNNNNNNNNNNNNNNNNNNNN",NA,NA,36.6,NA,"EST","N",NA,NA,NA,NA,NA,NA,NA,NA,NA
"USGS","04214500","BUFFALO CREEK AT GARDENVILLE NY","ST",425116.6,784523.1,42.8546111,-78.7564167,"N","1","NAD83","NAD83","36","36","029","US",NA,"BUFFALO SE, NY","  24000",603.11,"L",0.01,"NAVD88","04120103",NA,NA,"YNNNYNNNNNNNNNNNNNNNNNNNNNNNNN",NA,NA,142,142,"EST","N",NA,"NNNNNNNN",NA,NA,NA,NA,NA,NA,NA
"USGS","04215000","CAYUGA CREEK NEAR LANCASTER NY","ST",425324.3,783841.8,42.8900833,-78.6449444,"N","1","NAD83","NAD83","36","36","029","US",NA,"LANCASTER, NY","  24000",671.51,"L",0.01,"NAVD88","04120103",NA,NA,"YNNNYNNNNNNNNNNNNNNNNNNNNNNNNN",NA,NA,96.4,96.4,"EST","N",NA,"NNNNNNNN",NA,NA,NA,NA,NA,NA,NA
"USGS","04215500","CAZENOVIA CREEK AT EBENEZER NY","ST",424946.3,784630.1,42.82952778,-78.7750278,"N","1","NAD83","NAD83","36","36","029","US",NA,"BUFFALO SE, NY","  24000",603.8,"X",0.01,"NAVD88","04120103",NA,NA,"YNYNNNNNNNNNNNNNNNNNNNNNNNNNNN",NA,NA,135,135,"EST","N",NA,"NNNNNNNN",NA,NA,NA,NA,NA,NA,NA
"USGS","04217000","TONAWANDA CREEK AT BATAVIA NY","ST",425949.7,781117.4,42.99713889,-78.1881667,"N","1","NAD83","NAD83","36","36","037","US",NA,"BATAVIA SOUTH, NY","  24000",875.84,"L",0.01,"NAVD88","04120104",NA,NA,"YNNNYNNNNNNNNNNNNNNNNNNNNNNNNN",NA,NA,171,NA,"EST","N",NA,"NNNNNNNN",NA,NA,NA,NA,NA,NA,NA
"USGS","04218000","TONAWANDA CREEK AT RAPIDS NY","ST",430536.6,783810.2,43.0935,-78.6361667,"N","1","NAD83","NAD83","36","36","063","US",NA,"CLARENCE CENTER, NY","  24000",570.7,"L",0.01,"NAVD88","04120104",NA,NA,"YNYNYNNNNNNNNNNNNNNNNNNNNNNNNN",NA,NA,349,349,"EST","N",NA,"NNNNNNNN",NA,NA,NA,NA,NA,NA,NA
"USGS","04219768","EIGHTEENMILE CREEK AT BURT NY","ST",431849.7,784255.5,43.31380556,-78.7154167,"G","1","NAD83","NAD83","36","36","063","US",NA,"NEWFANE, NY","  24000",244.48,"Y",0.01,"NAVD88","04130001",NA,NA,"YNNNYNNNNYNNNNNNNNNNNNNNNNNNNN",NA,NA,84.8,NA,"EST","N",NA,NA,NA,NA,NA,NA,NA,NA,NA
"USGS","04220045","OAK ORCHARD CREEK NEAR SHELBY NY","ST",431027.5,782311,43.17430556,-78.38638889,"N","1","NAD83","NAD83","36","36","073","US",NA,"MEDINA, NY","  24000",598.22,"Y",0.01,"NAVD88","04130001",NA,NA,"YNNNYNNNNYNNNNNNNNNNNNNNNNNNNN",NA,NA,146,NA,"EST","N",NA," Y",NA,NA,NA,NA,NA,NA,"GAZETTEER"
"USGS","0422016550","OAK ORCHARD CREEK NEAR KENYONVILLE NY","ST",431803.6,781837.6,43.301,-78.3104444,"N","1","NAD83","NAD83","36","36","073","US",NA,"ASHWOOD, NY","  24000",327.43,"X",0.08,"NAVD88","04130001",NA,"C","YNNNYNNNNYNNNNNNNNNNNNNNNNNNNN",NA,NA,202,NA,"EST","N",NA,"NNNNNNNN",NA,NA,NA,NA,NA,NA,NA
"USGS","04220223","SANDY CREEK AT NORTH HAMLIN NY","ST",432020.7,775454.8,43.3390833,-77.9152222,"D","1","NAD83","NAD83","36","36","055","US",NA,"HAMLIN, NY","  24000",252.67,"X",0.01,"NAVD88","04130001",NA,NA,"YNNNYNNNNYNNNNNNNNNNNNNNNNNNNN",NA,NA,85.8,NA,"EST","N","C"," Y",NA,NA,NA,NA,NA,NA,NA
"USGS","0422026250","NORTHRUP CREEK AT NORTH GREECE NY","ST",431513.9,774431.5,43.2538611,-77.7420833,"N","1","NAD83","NAD83","36","36","055","US",NA,"BRADDOCK HEIGHTS, NY","  24000",305.23,"Y",0.01,"NAVD88","04130001",NA,NA,"YNNNYNNNNNNNNNNNNNNNNNNNNNNNNN",NA,NA,10.1,NA,"EST","N",NA,"NNNNNNNN",NA,NA,NA,NA,NA,NA,"MONROECO"
"USGS","04226000","KESHEQUA CR AT CRAIG COLONY AT SONYEA NY","ST",424056.9,774943.3,42.6824722,-77.8286944,"N","1","NAD83","NAD83","36","36","051","US",NA,"SONYEA, NY","  24000",581.76,"X",0.01,"NAVD88","04130002",NA,NA,"YNNYNNNNNNNNNNNNNNNNNNNNNNNNNN",NA,NA,68.3,NA,"EST","N",NA,"NNNNNNNN",NA,NA,NA,NA,NA,NA,NA
"USGS","04229500","HONEOYE CREEK AT HONEOYE FALLS NY","ST",425726,773520,42.9572222,-77.58888889,"M","S","NAD83","NAD83","36","36","055","US",NA,"HONEOYE FALLS, NY","  24000",607.79,"L",0.01,"NAVD88","04130003",NA,NA,"YNNNYNNNNNNNNNNNNNNNNNNNNNNNNN",NA,NA,196,NA,"EST","N",NA,"NNNNNNNN",NA,NA,NA,NA,NA,NA,NA
"USGS","04230500","OATKA CREEK AT GARBUTT NY","ST",430036,774729,43.01,-77.79138889,"M","S","NAD83","NAD83","36","36","055","US",NA,"CLIFTON, NY","  24000",560.15,"X",0.01,"NAVD88","04130003",NA,NA,"YNNNYNNNNNNNNNNNNNNNNNNNNNNNNN",NA,NA,205,NA,"EST","N",NA,"NNNNNNNN",NA,NA,NA,NA,NA,NA,NA
"USGS","04231000","BLACK CREEK AT CHURCHVILLE NY","ST",430602,775256,43.10055556,-77.8822222,"M","S","NAD83","NAD83","36","36","055","US",NA,"CHURCHVILLE, NY","  24000",551.88,"L",0.01,"NGVD29","04130003",NA,NA,"NNNNYNNNNNNNNNNNNNNNNNNNNNNNNN",NA,NA,130,130,"EST","N",NA,"NNNNNNNN",NA,NA,NA,NA,NA,NA,NA
"USGS","04231600","GENESEE RIVER AT FORD STREET BRIDGE, ROCHESTER NY","ST",430830.2,773658.7,43.1417222,-77.6163056,"N","1","NAD83","NAD83","36","36","055","US",NA,"ROCHESTER EAST, NY","  24000",498.4,"X",0.01,"NAVD88","04130003",NA,NA,"YNYNYYNNNYNNNNYNYNNNNNNNNNNNNN",NA,NA,2474,NA,"EST","N",NA,NA,NA,NA,NA,NA,NA,NA,NA
"USGS","04232034","IRONDEQUOIT CR AT RAILROAD MILLS NEAR FISHERS NY","ST",430140.2,772843.4,43.0278333,-77.4787222,"N","1","NAD83","NAD83","36","36","069","US",NA,"FAIRPORT, NY","  24000",443.5,"Z",0.01,"NAVD88","04140101",NA,NA,"YNNNYNNNNYNNNNNNNNNNNNNNNNNNNN",NA,NA,39.2,NA,"EST","N",NA,"NNNNNNNN",NA,NA,NA,NA,NA,NA,"MONROECO"
"USGS","04232040","IRONDEQUOIT CREEK NEAR PITTSFORD NY","ST",430315,772927,43.05416667,-77.4908333,"M","S","NAD83","NAD83","36","36","055","US",NA,"FAIRPORT, NY","  24000",405,"M",10,"NGVD29","04140101",NA,NA,"NNNNNNNNNNNNNNNNNNNNNNNNNNNNNN",NA,NA,44.4,44.4,"EST","N",NA,"NNNNNNNN",NA,NA,NA,NA,NA,NA,NA
"USGS","0423204140","MILL CR TRIB SITEA-MILL RD NR BUSHNELL BASIN NY","ST",430338,773018,43.06061866,-77.50471848,"M","S","NAD27","NAD83","36","36","055","US",NA,"PITTSFORD, NY","  24000",485,"M",10,"NGVD29","04140101",NA,"C","NNNNNNNNNNNNNNNNNNNNNNNNNNNNNN",NA,NA,NA,NA,"EST","N",NA,"NNNNNNNN",NA,NA,NA,NA,NA,NA,"MONROECO"
"USGS","0423204141","MILL CR TRIB SITEB-MILL RD NR BUSHNELL BASIN NY","ST",430338,773012,43.06061866,-77.5030518,"M","S","NAD27","NAD83","36","36","055","US",NA,"PITTSFORD, NY","  24000",465,"M",10,"NGVD29","04140101",NA,"S","NNNNNNNNNNNNNNNNNNNNNNNNNNNNNN",NA,NA,NA,NA,"EST","N",NA,"NNNNNNNN",NA,NA,NA,NA,NA,NA,"MONROECO"
"USGS","04232046","THOMAS CREEK AT FAIRPORT NY","ST",430622,772743,43.1061111,-77.4619444,"M","S","NAD83","NAD83","36","36","055","US",NA,"FAIRPORT, NY","  24000",403,"M",10,"NGVD29","04140101",NA,NA,"NNNNNNNNNNNNNNNNNNNNNNNNNNNNNN",NA,NA,29.5,NA,"EST","N",NA,"NNNNNNNN",NA,NA,NA,NA,NA,NA,NA
"USGS","04232047","IRONDEQUOIT CR @ LINDEN AVE., E ROCHESTER NY","ST",430716,772835,43.1211111,-77.47638889,"M","S","NAD83","NAD83","36","36","055","US",NA,"FAIRPORT, NY","  24000",341.46,"L",0.01,"NGVD29","04140101",NA,NA,"NNNNNNNNNNNNNNNNNNNNNNNNNNNNNN",NA,NA,101,96,"EST","N",NA,"NNNNNNNN",NA,NA,NA,NA,NA,NA,NA
"USGS","0423204920","EAST BRANCH ALLEN CREEK AT PITTSFORD NY","ST",430611,773200,43.10305556,-77.5333333,"M","S","NAD83","NAD83","36","36","055","US",NA,"PITTSFORD, NY","  24000",400,"M",10,"NGVD29","04140101",NA,"C","YNNNNNNNNNYNNNNNNNNNNNNNNNNNNN",NA,19900424,9.5,6.96,"EST","N",NA,"NNNNNNNN",NA,NA,NA,NA,NA,NA,"MONROECO"
"USGS","04232050","ALLEN CREEK NEAR ROCHESTER NY","ST",430740.9,773137.2,43.12802778,-77.527,"N","1","NAD83","NAD83","36","36","055","US",NA,"ROCHESTER EAST, NY","  24000",375.67,"Z",0.01,"NAVD88","04140101",NA,NA,"YNNNYNNNNNNNNNNNNNNNNNNNNNNNNN",NA,NA,28.9,NA,"EST","N",NA,"NNNNNNNN",NA,NA,NA,NA,NA,NA,NA
"USGS","0423205010","IRONDEQUOIT CR ABOVE BLOSSOM RD NEAR ROCHESTER NY","ST",430842,773043,43.145,-77.5119444,"M","S","NAD83","NAD83","36","36","055","US",NA,"ROCHESTER EAST, NY","  24000",247.51,"X",0.1,"NAVD88","04140101",NA,NA,"YNYNNNNNNNNNNNNNNNNNNNNNNNNNNN",NA,NA,142,134.22,"EST","N",NA,"NNNNNNNN",NA,NA,NA,NA,NA,NA,NA
"USGS","0423205023","IRONDEQUOIT CR AT LANDFILL AT ROCHESTER NY","ST",430958,773155,43.1661111,-77.5319444,"M","S","NAD83","NAD83","36","36","055","US",NA,"ROCHESTER EAST, NY","  24000",240.82,"L",0.01,"NGVD29","04140101",NA,NA,"NNNNNNNNNNNNNNNNNNNNNNNNNNNNNN",NA,NA,144,NA,"EST","N",NA,"NNNNNNNN",NA,NA,NA,NA,NA,NA,NA
"USGS","0423205025","IRONDEQUOIT CREEK AT EMPIRE BLVD, ROCHESTER NY","ST",431033,773134,43.1758333,-77.5261111,"M","S","NAD83","NAD83","36","36","055","US",NA,"ROCHESTER EAST, NY","  24000",242.66,"L",0.01,"NGVD29","04140101",NA,NA,"YNYNNNNNNNNYNNNNNNNNNNNNNNNNNN",NA,NA,151,143.22,"EST","N",NA,"NNNNNNNN",NA,NA,NA,NA,NA,NA,"MONROECO"
"USGS","04232076","SODUS CREEK AT NORTH ROSE NY","ST",431129.8,765444.7,43.1916111,-76.9124167,"N","1","NAD83","NAD83","36","36","117","US",NA,"ROSE, NY","  24000",294.54,"X",0.01,"NAVD88","04140101",NA,NA,"NNNNNNNNNNNNNNNNNNNNNNNNNNNNNN",NA,NA,9.2,NA,"EST","N",NA," Y",NA,NA,NA,NA,NA,NA,"GAZETTEER"
"USGS","04232100","STERLING CREEK AT STERLING NY","ST",431931,763850,43.32527778,-76.6472222,"M","S","NAD83","NAD83","36","36","011","US",NA,"FAIR HAVEN, NY","  24000",259.37,"Y",0.04,"NAVD88","04140101",NA,NA,"NNNNNNNNNNNNNNNNNNNNNNNNNNNNNN",NA,NA,45.9,NA,"EST","N",NA,"NNNNNNNN",NA,NA,NA,NA,NA,NA,NA
"USGS","04240145","SPAFFORD CREEK AT BROMLEY RD NR SPAFFORD NY","ST",424715,761148,42.7875,-76.1966667,"M","S","NAD83","NAD83","36","36","067","US",NA,"OTISCO VALLEY, NY","  24000",1020,"M",10,"NGVD29","04140201",NA,NA,"NNNNNNNNNNNNNNNNNNNNNNNNNNNNNN",NA,NA,3.14,NA,"EST","N",NA,"NNNNNNNN",NA,NA,NA,NA,NA,NA,NA
"USGS","04240150","SPAFFORD CREEK AT SAWMILL RD AT OTISCO VALLEY NY","ST",424933,761407,42.8258333,-76.23527778,"M","S","NAD83","NAD83","36","36","067","US",NA,"OTISCO VALLEY, NY","  24000",800,"M",10,"NGVD29","04140201",NA,NA,"NNNNNNNNNNNNNNNNNNNNNNNNNNNNNN",NA,NA,8.06,NA,"EST","N",NA,"NNNNNNNN",NA,NA,NA,NA,NA,NA,NA
"USGS","0424015305","RICE BROOK AT RICE GROVE NY","ST",425107,761532,42.85194444,-76.25888889,"M","S","NAD83","NAD83","36","36","067","US",NA,"SPAFFORD, NY","  24000",800,"M",10,"NGVD29","04140201",NA,NA,"NNNNNNNNNNNNNNNNNNNNNNNNNNNNNN",NA,NA,2.44,NA,"EST","N",NA,"NNNNNNNN",NA,NA,NA,NA,NA,NA,NA
"USGS","0424016205","WILLOW BROOK AT LADER POINT NY","ST",425231,761820,42.87527778,-76.3055556,"M","S","NAD83","NAD83","36","36","067","US",NA,"MARCELLUS, NY","  24000",800,"M",10,"NGVD29","04140201",NA,NA,"NNNNNNNNNNNNNNNNNNNNNNNNNNNNNN",NA,NA,3.73,NA,"EST","N",NA,"NNNNNNNN",NA,NA,NA,NA,NA,NA,NA
"USGS","0424016825","AMBER BROOK AT AMBER NY","ST",425322,761750,42.88944444,-76.2972222,"M","S","NAD83","NAD83","36","36","067","US",NA,"MARCELLUS, NY","  24000",800,"M",10,"NGVD29","04140201",NA,NA,"NNNNNNNNNNNNNNNNNNNNNNNNNNNNNN",NA,NA,3.69,NA,"EST","N",NA,"NNNNNNNN",NA,NA,NA,NA,NA,NA,NA
"USGS","0424016975","VAN BENTHUYSEN BROOK AT AMBER NY","ST",425340,761807,42.89444444,-76.3019444,"M","S","NAD83","NAD83","36","36","067","US",NA,"MARCELLUS, NY","  24000",800,"M",10,"NGVD29","04140201",NA,NA,"NNNNNNNNNNNNNNNNNNNNNNNNNNNNNN",NA,NA,5.84,NA,"EST","N",NA,"NNNNNNNN",NA,NA,NA,NA,NA,NA,NA
"USGS","04240180","NINEMILE CREEK NEAR MARIETTA NY","ST",425515,761946,42.9208333,-76.3294444,"M","S","NAD83","NAD83","36","36","067","US",NA,"MARCELLUS, NY","  24000",748.25,"L",0.01,"NGVD29","04140201",NA,NA,"NNNNNNNNNNNNNNNNNNNNNNNNNNNNNN",NA,NA,45.1,NA,"EST","N",NA,"NNNNNNNN",NA,NA,NA,NA,NA,NA,NA
"USGS","04240200","NINEMILE CREEK AT CAMILLUS NY","ST",430221,761829,43.03916667,-76.3080556,"M","S","NAD83","NAD83","36","36","067","US",NA,"CAMILLUS, NY","  24000",398.56,"L",0.01,"NGVD29","04140201",NA,NA,"NNNNNNNNNNNNNNNNNNNNNNNNNNNNNN",NA,NA,84.3,NA,"EST","N",NA,"NNNNNNNN",NA,NA,NA,NA,NA,NA,NA
"USGS","04245236","MEADOW BROOK AT HURLBURT RD, SYRACUSE NY","ST",430231.1,760602.1,43.0419722,-76.1005833,"N","1","NAD83","NAD83","36","36","067","US",NA,"SYRACUSE EAST, NY","  24000",511.5,"L",0.01,"NGVD29","04140202",NA,NA,"NNNNNNNNNNNNNNNNNNNNNNNNNNNNNN",NA,NA,2.94,NA,"EST","N",NA,"NNNNNNNN",NA,NA,NA,NA,NA,NA,NA
"USGS","04249000","OSWEGO RIVER AT LOCK 7, OSWEGO NY","ST",432706,763019,43.45166667,-76.50527778,"M","S","NAD83","NAD83","36","36","075","US",NA,"OSWEGO WEST, NY","  24000",244.47,"L",0.01,"NAVD88","04140203",NA,NA,"YNNNYNNNNNNNNNNNNNNNNNNNNNNNNN",NA,NA,5100,NA,"EST","N",NA,"NNNNNNNN",NA,NA,NA,NA,NA,NA,NA
"USGS","04250200","SALMON RIVER AT PINEVILLE NY","ST",433152.3,760215.7,43.53119444,-76.0376944,"N","1","NAD83","NAD83","36","36","075","US",NA,"RICHLAND, NY","  24000",475.35,"X",0.01,"NAVD88","04140102",NA,NA,"YNNNYNNNNNNNNNNNNNNNNNNNNNNNNN",NA,NA,238,NA,"EST","N",NA,"NNNNNNNN",NA,NA,NA,NA,NA,NA,NA
"USGS","04250750","SANDY CREEK NEAR ADAMS NY","ST",434849.3,760428,43.81369444,-76.0744444,"N","1","NAD83","NAD83","36","36","045","US",NA,"ADAMS, NY","  24000",523.26,"L",0.01,"NAVD88","04140102",NA,NA,"YNNNYNNNNNNNNNNNNNNNNNNNNNNNNN",NA,NA,137,NA,"EST","N",NA,"NNNNNNNN",NA,NA,NA,NA,NA,NA,NA
"USGS","04260500","BLACK RIVER AT WATERTOWN NY","ST",435909,755528.6,43.9858333,-75.9246111,"N","1","NAD83","NAD83","36","36","045","US",NA,"WATERTOWN, NY","  24000",374.09,"X",0.01,"NAVD88","04150101",NA,NA,"YNNNYNNNNNNNNNNNNNNNNNNNNNNNNN",NA,NA,1864,NA,"EST","N",NA,"NNNNNNNN",NA,NA,NA,NA,NA,NA,NA
"USGS","04263000","OSWEGATCHIE RIVER NEAR HEUVELTON NY","ST",443558,752244,44.5994444,-75.37888889,"M","S","NAD83","NAD83","36","36","089","US",NA,"HEUVELTON, NY","  24000",287.68,"X",0.01,"NAVD88","04150302",NA,NA,"YNNNYNNNNNNNNNNNNNNNNNNNNNNNNN",NA,NA,986,NA,"EST","N",NA,"NNNNNNNN",NA,NA,NA,NA,NA,NA,NA
"USGS","04264331","ST. LAWRENCE R AT CORNWALL ONT NR MASSENA NY","ST",450022,744742,45.0061111,-74.795,"M","S","NAD83","NAD83","36","36","089","US",NA,"CORNWALL WEST, ON","  24000",NA,NA,NA,NA,"04150310",NA,NA,"NNNNNNNNNNNNNNNNNNNNNNNNNNNNNN",NA,NA,298800,NA,"EST","N",NA,"NNNNNNNN",NA,NA,NA,NA,NA,NA,NA
"USGS","04268000","RAQUETTE RIVER AT RAYMONDVILLE NY","ST",445020,745844,44.83888889,-74.97888889,"N","1","NAD83","NAD83","36","36","089","US",NA,"NORFOLK, NY","  24000",182.94,"X",0.01,"NAVD88","04150305",NA,NA,"YNNNYNNNNNNNNNNNNNNNNNNNNNNNNN",NA,NA,1125,NA,"EST","N",NA,"NNNNNNNN",NA,NA,NA,NA,NA,NA,NA
"USGS","04269000","ST. REGIS RIVER AT BRASHER CENTER NY","ST",445149.4,744643.3,44.8637222,-74.7786944,"N","1","NAD83","NAD83","36","36","089","US",NA,"BRASHER FALLS, NY","  24000",216.83,"X",0.01,"NAVD88","04150306",NA,NA,"YNNNYNNNNNNNNNNNNNNNNNNNNNNNNN",NA,NA,612,612,"EST","N",NA,"NNNNNNNN",NA,NA,NA,NA,NA,NA,NA
"USGS","424129077495501","NY-SW4 ALFRED FARMS EDGE OF FIELD, SONYEA NY","FA-FON",424129,774955.3,42.69138889,-77.8320278,"G","H","NAD83","NAD83","36","36","051","US",NA,"SONYEA, NY","  24000",580,"N",10,"NAVD88","04130002",NA,NA,"YNNYNNNNNNNNNNNNNNNNNNNNNNNNNN",NA,NA,NA,NA,"EST","N","C",NA,NA,NA,NA,NA,NA,NA,"BFISHER"
"USGS","424129077495502","NY-TL2 ALFRED TILE EDGE OF FIELD, SONYEA","FA-FON",424128.9,774954.8,42.6913611,-77.83188889,"G","H","NAD83","NAD83","36","36","051","US",NA,"SONYEA, NY","  24000",580,"N",10,"NAVD88","04130002",NA,NA,"YNNYNNNNNNNNNNNNNNNNNNNNNNNNNN",NA,NA,NA,NA,"EST","N","C",NA,NA,NA,NA,NA,NA,NA,"BFISHER"
"USGS","424131077495802","NY-TL1 ALFRED TILE EDGE OF FIELD, SONYEA NY","FA-FON",424130.6,774956.9,42.6918333,-77.8324722,"G","H","NAD83","NAD83","36","36","051","US",NA,"SONYEA, NY","  24000",580,"N",10,"NAVD88","04130002",NA,NA,"YNNYNNNNNNNNNNNNNNNNNNNNNNNNNN",NA,NA,NA,NA,"EST","N","C",NA,NA,NA,NA,NA,NA,NA,"BFISHER"
"USGS","424421077495301","NY-SW1 MERRIMAC FARMS EDGE OF FIELD, E GROVELAND","FA-FON",424421.43,774952.66,42.7392861,-77.8312944,"N","H","NAD83","NAD83","36","36","051","US",NA,"SONYEA, NY","  24000",640,"N",10,"NAVD88","04130002",NA,NA,"NNNNNNNNNNNNNNNNNNNNNNNNNNNNNN",NA,NA,NA,NA,"EST","N",NA,NA,NA,NA,NA,NA,NA,NA,"BHAYHURST"
"USGS","424428077495401","NY-SW2 MERRIMAC FARMS EDGE OF FIELD, E GROVELAND","FA-FON",424427.46,774954,42.7409611,-77.8316667,"N","H","NAD83","NAD83","36","36","051","US",NA,"SONYEA, NY","  24000",650,"N",10,"NAVD88","04130002",NA,NA,"YNNYNNNNNNNNNNNNNNNNNNNNNNNNNN",NA,NA,NA,NA,"EST","N",NA,NA,NA,NA,NA,NA,NA,NA,"BHAYHURST"
